Company Name,Job Title,Job Location
Giving Assistant,Data Analyst,"San Francisco, CA 94103 (Mission area)"
methinks,Data Analyst,"Mountain View, CA"
Change Research,Survey Data Analyst,"San Francisco, CA"
Change Research,Technical Data Analyst Fellow,"San Francisco, CA"
Acumen LLC,Data and Policy Analyst IV (4955663),"Burlingame, CA 94010"
Triplebyte,Data Scientist,"Los Angeles, CA"
Vaco,Data Analyst - Bilingual English and Slovak Language,"Palo Alto, CA"
Molina Healthcare,"Analyst, Data","Long Beach, CA"
Intuit,Staff Business Data Analysis,"San Francisco, CA 94102 (Downtown area)"
Rhombus Power Inc.,Strategic Intelligence Analyst/Data Analyst,"Mountain View, CA"
IQVIA,Market Research Analyst,"San Mateo, CA"
HHS Technology Group,Data Analyst,"Sacramento, CA 95814 (Mansion Flats area)"
University of California San Francisco,Administrative Analyst,"San Francisco, CA 94143 (Haight-Ashbury area)"
NextGen America,Data Associate,"San Francisco, CA"
Gosvea,Big Data Engineer Internship,"San Jose, CA"
Giving Assistant,Data Analyst,"San Francisco, CA 94103 (Mission area)"
"DigitalPath, Inc.","Network Market Analyst-Chico, CA","Chico, CA 95973"
Connect International,Business Data Analyst,"Los Angeles, CA"
AIG,Insight Analyst/Data Analyst,"Woodland Hills, CA"
Larsen & Toubro Infotech Limited,Data Analyst,"San Jose, CA"
Public Consulting Group,Data Analyst,"San Diego, CA 92101"
Desert Oasis Healthcare,Project Specialist Data Analyst,"Palm Springs, CA 92262"
Spotline Inc,Business Analyst (W2/Fulltime) PHARMA DOMAIN,"Palo Alto, CA"
Los Angeles Superior Court,Senior Data Analyst,"Los Angeles County, CA"
American Indian Health & Services,Healthcare Data Analyst,"Santa Barbara, CA 93111"
Department of Industrial Relations,Classification & Pay Analyst,"Alameda County, CA"
University of California San Francisco,Data Systems Analyst,"San Francisco, CA 94143 (Haight-Ashbury area)"
Artemis Consulting,Junior Financial Analyst,"San Diego, CA 92103 (Mission Hills area)"
Motion Picture Industry Pension & Health Plans,Business Analyst,"Los Angeles, CA 91604 (Studio City area)"
American Indian Health & Services,Healthcare Data Analyst,"Santa Barbara, CA 93111"
Intuit,Senior Business Data Analyst,"San Diego, CA 92112"
Los Angeles Pacific University,Data Analyst,"San Dimas, CA"
KIPP SoCal Public Schools,Data Intern,"Los Angeles, CA"
EBMUD,Information Systems Support Analyst II,"Oakland, CA"
Cognizant Technology Solutions,Business Analyst,"Sunnyvale, CA 94085"
San Ysidro Health,Behavioral Health - Data Analyst,"Chula Vista, CA"
US Department of Veterans Affairs,Program Analyst,"San Francisco, CA"
The Clorox Company,Sales Planning Analyst,"Oakland, CA 94612 (Downtown area)"
EeZee Solutions,Business Analyst,"San Ramon, CA"
eBay Inc.,Analyst - Revenue Strategic Insights,"San Jose, CA"
Intuit,Senior Technical Data Analyst,"San Diego, CA 92112"
UC Davis Health,ERM Analyst 2,"Sacramento, CA"
Ontrak Inc,Member Engagement Quality Assurance Analyst #nowhiring,"Los Angeles, CA 90025"
Universal Music Group,Financial Analyst,"Woodland Hills, CA"
Kings View Corporation,Business Services Analyst I (536),"Merced, CA 95348"
Confidential,Marketing Analyst/Content Creator,"Petaluma, CA 94954"
IEQ Capital,Senior Research Analyst for Alternative Investments,"Foster City, CA 94404 (Town Center area)"
Office of Statewide Health Planning and Developmen...,Healthcare Payments Data Researcher,"Sacramento, CA 95833 (Natomas Corporate Center area)"
Balsam Brands,TV and Partnerships Analyst,"Redwood City, CA"
Pacific Gas And Electric Company,Business Analyst,"San Francisco, CA 94105 (South Beach area)"
Intuit,Senior Business Data Analyst,"San Diego, CA 92112"
PrimeSkill Staffing,Data Entry Clerk,"Simi Valley, CA"
GradTests (gradtests.com),Insights Analyst,"Sacramento, CA"
Intuit,Staff Data Scientist - Analytics,"San Diego, CA 92112"
Los Angeles Pacific University,Data Analyst,"San Dimas, CA"
f5,Data Scientist - Analytics Product Group,"Santa Clara, CA"
Meyer Corporation,Product Analyst,"Vallejo, CA 94590"
Oath Inc,Data Engineer,"Sunnyvale, CA 94089 (Lakewood area)"
Passport Shipping,Business Operations Associate (Remote),"San Francisco, CA"
EBMUD,Information Systems Support Analyst II,"Oakland, CA"
Oath Inc,Data Engineer,"Sunnyvale, CA 94089 (Lakewood area)"
San Ysidro Health,Behavioral Health - Data Analyst,"Chula Vista, CA"
Cognizant Technology Solutions,Business Analyst,"Sunnyvale, CA 94085"
Applicantz,Privacy Operations Business Analyst,"San Rafael, CA"
EBMUD,Information Systems Support Analyst II,"Oakland, CA"
BOEING,Associate Materials Management Analyst,"Sylmar, CA"
Sacramento Municipal Utility District,Power System Analyst - Entry,"Sacramento, CA 95817 (East Sacramento area)"
Inland Empire Health Plans,Analyst I - Actuarial Services,"Rancho Cucamonga, CA 91730"
AppleOne,"Data Analyst - Camarillo, Ca.","Camarillo, CA 93010"
The Clorox Company,Sales Planning Analyst,"Oakland, CA 94612 (Downtown area)"
Skydio,Business Systems Analyst,"Redwood City, CA"
University of California San Francisco,Clinical Data Manager,"San Francisco, CA 94143 (Haight-Ashbury area)"
California State University,Credential Analyst Trainee,"San Luis Obispo, CA"
Intuitive,Corporate Planning Analyst,"Sunnyvale, CA 94086"
EeZee Solutions,Business Analyst,"San Ramon, CA"
"University Enterprises, Inc.","Student Assistant - Data Analysis, Supportive Services and Outreach","Sacramento, CA 95826"
Cathay Bank,Analyst AML/OFAC,"Monterey Park, CA"
Athens Services,Business Analyst,"Industry, CA"
All Stem Connection,Payroll Tax Analyst,"Universal City, CA"
Broadleaf-inc,Business Analyst (DFI),"Fairfield, CA 94533"
US Department of the Navy,PROGRAM ANALYST,"Coronado, CA"
Ascent Services Group,Incident Management Analyst / IT Operations Analyst,"El Dorado Hills, CA 95762"
"Universal Consulting Services, Inc.",NSWC-Security Analyst,"Port Hueneme, CA 93043"
US Department of the Navy,MANAGEMENT AND PROGRAM ANALYST,"San Diego, CA"
US Department of the Navy,SUPERVISORY PROGRAM ANALYST/RESOURCES SPECIALIST,"Point Mugu, CA"
US Department of the Navy,SUPERVISORY PROGRAM ANALYST,"China Lake, CA"
US Department of the Army,Program Analyst,"Los Angeles, CA"
US Department of the Army,Management and Program Analyst,"Fort Hunter Liggett, CA"
Merakey,Behavior Analyst (BCBA) (BCaBA),"San Marcos, CA 92078"
East Bay Municipal Utility District,Information Systems Support Analyst II,California
California State University,Credential Analyst Trainee,"San Luis Obispo, CA"
The Clorox Company,Sales Planning Analyst,"Oakland, CA 94612 (Downtown area)"
Skydio,Business Systems Analyst,"Redwood City, CA"
University of California San Francisco,Clinical Data Manager,"San Francisco, CA 94143 (Haight-Ashbury area)"
Intuitive,Corporate Planning Analyst,"Sunnyvale, CA 94086"
Tesla,"Global Supply Analyst, Construction","Fremont, CA"
EeZee Solutions,Business Analyst,"San Ramon, CA"
Stanford Health Care,Operations Research Analyst,"Palo Alto, CA"
eBay Inc.,Analyst - Revenue Strategic Insights,"San Jose, CA"
Kespry Inc.,Data Quality Engineer,California
Triplebyte,Data Scientist,"Los Angeles, CA"
IEH Laboratories,"Laboratory Analyst - Afternoon Shift (Guadalupe, CA)","Guadalupe, CA"
American Indian Health & Services,Healthcare Data Analyst,"Santa Barbara, CA 93111"
Navitas Organics,Deductions Analyst,"Novato, CA 94949"
Giving Assistant,Data Analyst,"San Francisco, CA 94103 (Mission area)"
Suisun Resource Conservation District,Wildlife Biologist Analyst,"Suisun City, CA 94585"
"University Enterprises, Inc.","Student Assistant - Data Analysis, Supportive Services and Outreach","Sacramento, CA 95826"
Cathay Bank,Analyst AML/OFAC,"Monterey Park, CA"
Athens Services,Business Analyst,"Industry, CA"
All Stem Connection,Payroll Tax Analyst,"Universal City, CA"
Ascent Services Group,Incident Management Analyst / IT Operations Analyst,"El Dorado Hills, CA 95762"
Broadleaf-inc,Business Analyst (DFI),"Fairfield, CA 94533"
US Department of the Navy,PROGRAM ANALYST,"Coronado, CA"
"Universal Consulting Services, Inc.",NSWC-Security Analyst,"Port Hueneme, CA 93043"
US Department of the Navy,MANAGEMENT AND PROGRAM ANALYST,"San Diego, CA"
US Department of the Navy,SUPERVISORY PROGRAM ANALYST/RESOURCES SPECIALIST,"Point Mugu, CA"
US Department of the Navy,SUPERVISORY PROGRAM ANALYST,"China Lake, CA"
US Department of the Army,Program Analyst,"Los Angeles, CA"
US Department of the Army,Management and Program Analyst,"Fort Hunter Liggett, CA"
Merakey,Behavior Analyst (BCBA) (BCaBA),"San Marcos, CA 92078"
East Bay Municipal Utility District,Information Systems Support Analyst II,California
American Indian Health & Services,Healthcare Data Analyst,"Santa Barbara, CA 93111"
Petco,Vendor Analyst,"San Diego, CA 92127"
"Canvas Worldwide, LLC.","Analyst, Analytics","Playa Vista, CA 90094"
Netflix,"Rights Analyst, Major Studios Licensing","Los Angeles, CA 90028 (Hollywood area)"
HP,Digital Analyst Intern,"San Diego, CA 92127"
GovInvest Inc.,Operations Analyst,"Torrance, CA 90503"
Investigative Consultants,Investigative Analyst – Open Source Intelligence,"Torrance, CA 90501"
University of California San Francisco,Financial Analyst II,"San Francisco, CA 94143 (Haight-Ashbury area)"
Coffee Meets Bagel,Product Data Scientist,"Ontario, CA"
University of California San Francisco,Lead Statistical Analyst,"San Francisco, CA 94143 (Haight-Ashbury area)"
Corelation Inc,Reports Analyst,"San Diego, CA 92106 (Midway District area)"
Aurora Santa Rosa,Performance Improvement Analyst,"Santa Rosa, CA 95401"
Suisun Resource Conservation District,Wildlife Biologist Analyst,"Suisun City, CA 94585"
Navitas Organics,Deductions Analyst,"Novato, CA 94949"
Giving Assistant,Data Analyst,"San Francisco, CA 94103 (Mission area)"
Positive Behavior Supports Corporation (PBS),Board Certified Behavior Analyst (BCBA / LMFT / LPCC / LCSW),"Fremont, CA"
PENTAX Medical,Clinical Research Analyst,"Redwood City, CA 94063"
Capital Group,Client Relations Analyst,"Los Angeles, CA 90071 (Downtown area)"
Kings View Corporation,Business Applications Analyst I (537),"Fresno, CA 93720 (Woodward Park area)"
JLL,"Analyst, Production Support","Los Angeles, CA"
"University of California, Santa Cruz",Research Budget Analyst,"Santa Cruz, CA 95064"
Intuit,"Staff Software Engineer, Big Data","Mountain View, CA 94041"
Deckers Brands,AP Analyst 1,"Goleta, CA"
Gallagher,Trust Operations Analyst,"San Diego, CA"
Walker & Dunlop,Underwriting Analyst,"Walnut Creek, CA"
OnePoint HCM,Business Systems Analyst,"Selma, CA 93662"
Compass Lexecon,Analyst- Finance Practice,"Pasadena, CA 91101 (South area)"
AppleOne,"Data Analyst - Camarillo, Ca.","Camarillo, CA 93010"
Skillz Inc.,FP&A Analytics Associate,California
Lawrence Livermore National Laboratory,Business Analyst,"Livermore, CA 94550"
Genentech Pro Unlimited,Sr QC Analyst,"Vacaville, CA 95696"
All Stem Connection,Payroll Tax Analyst,"Universal City, CA"
US Department of the Navy,PROGRAM ANALYST,"Coronado, CA"
"Universal Consulting Services, Inc.",NSWC-Security Analyst,"Port Hueneme, CA 93043"
US Department of the Navy,MANAGEMENT AND PROGRAM ANALYST,"San Diego, CA"
US Department of the Navy,SUPERVISORY PROGRAM ANALYST/RESOURCES SPECIALIST,"Point Mugu, CA"
US Department of the Navy,SUPERVISORY PROGRAM ANALYST,"China Lake, CA"
US Department of the Army,Program Analyst,"Los Angeles, CA"
US Department of the Army,Management and Program Analyst,"Fort Hunter Liggett, CA"
Merakey,Behavior Analyst (BCBA) (BCaBA),"San Marcos, CA 92078"
East Bay Municipal Utility District,Information Systems Support Analyst II,California
AppleOne,Music Copyright Data Analyst,"Woodland Hills, CA 91367"
AppleOne,"Data Analyst - Camarillo, Ca.","Camarillo, CA 93010"
Giving Assistant,Data Analyst,"San Francisco, CA 94103 (Mission area)"
"DigitalPath, Inc.","Network Market Analyst-Chico, CA","Chico, CA 95973"
Artemis Consulting,Junior Financial Analyst,"San Diego, CA 92103 (Mission Hills area)"
"University Enterprises, Inc.","Student Assistant - Data Analysis, Supportive Services and Outreach","Sacramento, CA 95826"
Cathay Bank,Analyst AML/OFAC,"Monterey Park, CA"
Athens Services,Business Analyst,"Industry, CA"
All Stem Connection,Payroll Tax Analyst,"Universal City, CA"
Broadleaf-inc,Business Analyst (DFI),"Fairfield, CA 94533"
US Department of the Navy,PROGRAM ANALYST,"Coronado, CA"
Ascent Services Group,Incident Management Analyst / IT Operations Analyst,"El Dorado Hills, CA 95762"
"Universal Consulting Services, Inc.",NSWC-Security Analyst,"Port Hueneme, CA 93043"
US Department of the Navy,MANAGEMENT AND PROGRAM ANALYST,"San Diego, CA"
US Department of the Navy,SUPERVISORY PROGRAM ANALYST/RESOURCES SPECIALIST,"Point Mugu, CA"
US Department of the Navy,SUPERVISORY PROGRAM ANALYST,"China Lake, CA"
US Department of the Army,Program Analyst,"Los Angeles, CA"
US Department of the Army,Management and Program Analyst,"Fort Hunter Liggett, CA"
Merakey,Behavior Analyst (BCBA) (BCaBA),"San Marcos, CA 92078"
East Bay Municipal Utility District,Information Systems Support Analyst II,California
IEH Laboratories,"Laboratory Analyst (Oxnard, CA)","Oxnard, CA"
Approved Networks,Financial Analyst,"Lake Forest, CA 92630"
MUFG,"Project Finance, Analyst","Los Angeles, CA"
PrimeSkill Staffing,Data Entry Clerk,"Simi Valley, CA"
Milliman,Actuarial Analyst,"San Diego, CA"
Neos,Spécialiste en intégration de données,"San Francisco, CA"
Custom Creatives,SEO Analyst,"Agoura Hills, CA 91301 (Whizin's Row area)"
"Harbor Freight Tools USA, Inc.",SQL-ETL Developer,"Calabasas, CA"
AppleOne,"Data Analyst - Camarillo, Ca.","Camarillo, CA 93010"
County of Solano,Information Technology Analyst (Principal) (IT Service Management Manager (for first consideration APPLY NOW)),California
Cathay Bank,Analyst AML/OFAC,"Monterey Park, CA"
Genentech Pro Unlimited,Sr QC Analyst,"Vacaville, CA 95696"
Athens Services,Business Analyst,"Industry, CA"
Omnitracs LLC,Lead Strategic Sourcing Manager (San Diego OR Dallas),"San Diego, CA 92121 (Sorrento Valley area)"
Bentley Systems,Transportation Analyst,"Sacramento, CA 95811 (Downtown area)"
Sri Technologies,Government Pricing Analyst,"San Francisco, CA"
HILTI,Finance Analyst- Walnut Creek,"Walnut Creek, CA"
CCH,Systems Analysts and Trainer,"Oakland, CA"
AppleOne,"Data Analyst - Camarillo, Ca.","Camarillo, CA 93010"
Echelon Business Services,E-Commerce Sales and Pricing Analyst,"Orange, CA"
Broadleaf-inc,Business Analyst (DFI),"Fairfield, CA 94533"
MagnaFlow,Financial Analyst/Staff Accountant,"Oceanside, CA 92056"
Genentech Pro Unlimited,Sr QC Analyst,"Vacaville, CA 95696"
Big 5 Sporting Goods,Security Analyst,"Tustin, CA 92780"
AppleOne,Music Copyright Data Analyst,"Woodland Hills, CA 91367"
General Atomics and Affiliated Companies,Experienced Geospatial Imagery Analyst,"San Diego, CA"
Cinter Career Services,Financial Analyst / Assistant for COO - Japanese or Vietnamese Bilingual,"San Jose, CA 95133 (North Valley area)"
Loxo Oncology,Biostatistician,"South San Francisco, CA"
TERI Campus of Life,Marketing and Communications Analyst,California
Coalition Technologies,PPC ANALYST,"Culver City, CA 90232"
The Third Floor,Junior Financial Analyst,"Los Angeles, CA 90036 (Mid City area)"
Signature Estate and Investment Advisors Inc,Trading Operations Analyst,"Los Angeles, CA 90067"
Herjavec Group,Associate Security Analyst,"Los Angeles, CA"
Pacific Premier Bank,Associate Treasury Analyst,"Irvine, CA 92614 (Business District area)"
Glanbia,Laboratory Analyst I,"Carlsbad, CA"
Facebook,"Research Scientist, Demography and Survey Sciences","Menlo Park, CA"
Freelancer.com,Payment Operations Analyst - Entry Level,"San Francisco, CA"
Epsilon,"Senior Analyst, Strategic Account Analytics","San Diego, CA 92121 (University City area)"
Lawrence Livermore National Laboratory,Financial Analyst 1,"Livermore, CA 94550"
Kids Care Dental,Financial Analyst,"Rancho Cordova, CA 95670 (South White Rock area)"
IEH Laboratories,"Laboratory Analyst - Afternoon Shift (Guadalupe, CA)","Guadalupe, CA"
Aurora Santa Rosa,Performance Improvement Analyst,"Santa Rosa, CA 95401"
American Indian Health & Services,Healthcare Data Analyst,"Santa Barbara, CA 93111"
Giving Assistant,Data Analyst,"San Francisco, CA 94103 (Mission area)"
Positive Behavior Supports Corporation (PBS),Board Certified Behavior Analyst (BCBA / LMFT / LPCC / LCSW),"Fremont, CA"
Suisun Resource Conservation District,Wildlife Biologist Analyst,"Suisun City, CA 94585"
"University Enterprises, Inc.","Student Assistant - Data Analysis, Supportive Services and Outreach","Sacramento, CA 95826"
Athens Services,Business Analyst,"Industry, CA"
Cathay Bank,Analyst AML/OFAC,"Monterey Park, CA"
Broadleaf-inc,Business Analyst (DFI),"Fairfield, CA 94533"
All Stem Connection,Payroll Tax Analyst,"Universal City, CA"
US Department of the Navy,PROGRAM ANALYST,"Coronado, CA"
Ascent Services Group,Incident Management Analyst / IT Operations Analyst,"El Dorado Hills, CA 95762"
"Universal Consulting Services, Inc.",NSWC-Security Analyst,"Port Hueneme, CA 93043"
US Department of the Navy,MANAGEMENT AND PROGRAM ANALYST,"San Diego, CA"
US Department of the Navy,SUPERVISORY PROGRAM ANALYST/RESOURCES SPECIALIST,"Point Mugu, CA"
US Department of the Navy,SUPERVISORY PROGRAM ANALYST,"China Lake, CA"
US Department of the Army,Program Analyst,"Los Angeles, CA"
US Department of the Army,Management and Program Analyst,"Fort Hunter Liggett, CA"
Merakey,Behavior Analyst (BCBA) (BCaBA),"San Marcos, CA 92078"
East Bay Municipal Utility District,Information Systems Support Analyst II,California
Genentech Pro Unlimited,Sr QC Analyst,"Vacaville, CA 95696"
Pyles & Associates,BCBA Behavior Analyst / Behavior Consultant / ABA Adults,"Santa Clarita, CA"
AppleOne,Music Copyright Data Analyst,"Woodland Hills, CA 91367"
LinQuest Corporation,"Systems Cyber Security Analyst, #4375","El Segundo, CA"
IEH Laboratories,"Laboratory Analyst - Rotational Shift (Fresno, CA)","Fresno, CA"
Ursus,Developer Support Analyst IV,"Menlo Park, CA"
Pyles & Associates,BCBA Behavior Analyst / Behavior Consultant / ABA Kids,"Hollywood, CA"
Butterfly Effects,Board Certified Behavior Analyst (BCBA),"Fresno, CA 93725"
Samsung SDS America,Logistics Billing Analyst/ Settlement Management - Bilingual Korean,"San Diego, CA"
AppleOne,Music Copyright Data Analyst - Direct Hire Opportunity,"Woodland Hills, CA 91367"
AppleOne,Financial Analyst - Exciting Projects,"San Diego, CA 92122"
Merakey,Behavior Analyst (BCBA) (BCaBA),"San Marcos, CA 92078"
StaffLINK Consulting,Mortgage Secondary Marketing Analyst,"Carlsbad, CA 92008 (North Beach area)"
San Jose State University,ILS Applications and Data Coordinator,California
Volt Workforce Solutions,Administrative Analyst,"Fountain Valley, CA"
Positive Behavior Supports Corporation (PBS),Board Certified Behavior Analyst (BCBA / LMFT / LPCC / LCSW),"Fremont, CA"
PayPal,Risk Analyst,"San Jose, CA 95131 (North San Jose area)"
Clinical Management Consultants,RN Quality Analyst Coordinator,"Fremont, CA"
Scripps Health,Epic Healthy Planet Analyst,"San Diego, CA 92121 (University City area)"
Triplebyte,Data Scientist,"Los Angeles, CA"
Printerpix,Data Entry Clerk (Ecommerce),"Irvine, CA"
USC,Programmer Analyst I - Hardware-Software Co-Design for AI Acceleration,"Marina del Rey, CA"
Approved Networks,Financial Analyst,"Lake Forest, CA 92630"
MUFG,"Project Finance, Analyst","Los Angeles, CA"
Milliman,Actuarial Analyst,"San Diego, CA"
Neos,Spécialiste en intégration de données,"San Francisco, CA"
Custom Creatives,SEO Analyst,"Agoura Hills, CA 91301 (Whizin's Row area)"
"Harbor Freight Tools USA, Inc.",SQL-ETL Developer,"Calabasas, CA"
IEH Laboratories,"Laboratory Analyst - Afternoon Shift (Guadalupe, CA)","Guadalupe, CA"
Giving Assistant,Data Analyst,"San Francisco, CA 94103 (Mission area)"
"University Enterprises, Inc.","Student Assistant - Data Analysis, Supportive Services and Outreach","Sacramento, CA 95826"
Athens Services,Business Analyst,"Industry, CA"
Cathay Bank,Analyst AML/OFAC,"Monterey Park, CA"
Broadleaf-inc,Business Analyst (DFI),"Fairfield, CA 94533"
All Stem Connection,Payroll Tax Analyst,"Universal City, CA"
US Department of the Navy,PROGRAM ANALYST,"Coronado, CA"
Ascent Services Group,Incident Management Analyst / IT Operations Analyst,"El Dorado Hills, CA 95762"
"Universal Consulting Services, Inc.",NSWC-Security Analyst,"Port Hueneme, CA 93043"
US Department of the Navy,MANAGEMENT AND PROGRAM ANALYST,"San Diego, CA"
US Department of the Navy,SUPERVISORY PROGRAM ANALYST/RESOURCES SPECIALIST,"Point Mugu, CA"
US Department of the Navy,SUPERVISORY PROGRAM ANALYST,"China Lake, CA"
US Department of the Army,Program Analyst,"Los Angeles, CA"
US Department of the Army,Management and Program Analyst,"Fort Hunter Liggett, CA"
Merakey,Behavior Analyst (BCBA) (BCaBA),"San Marcos, CA 92078"
East Bay Municipal Utility District,Information Systems Support Analyst II,California
Navitas Organics,Deductions Analyst,"Novato, CA 94949"
Giving Assistant,Data Analyst,"San Francisco, CA 94103 (Mission area)"
Positive Behavior Supports Corporation (PBS),Board Certified Behavior Analyst (BCBA / LMFT / LPCC ) *Spanish Speaking*,"San Jose, CA"
Suisun Resource Conservation District,Wildlife Biologist Analyst,"Suisun City, CA 94585"
Aurora Santa Rosa,Performance Improvement Analyst,"Santa Rosa, CA 95401"
AIHL,Senior TEM Analyst Microscopist,"Anaheim, CA"
CCH,Systems Analysts and Trainer,"Oakland, CA"
Broadleaf-inc,Business Analyst (DFI),"Fairfield, CA 94533"
MagnaFlow,Financial Analyst/Staff Accountant,"Oceanside, CA 92056"
Big 5 Sporting Goods,Security Analyst,"Tustin, CA 92780"
General Atomics and Affiliated Companies,Experienced Geospatial Imagery Analyst,"San Diego, CA"
Cinter Career Services,Financial Analyst / Assistant for COO - Japanese or Vietnamese Bilingual,"San Jose, CA 95133 (North Valley area)"
Aurora Santa Rosa,Performance Improvement Analyst,"Santa Rosa, CA 95401"
Loxo Oncology,Biostatistician,"South San Francisco, CA"
Coalition Technologies,PPC ANALYST,"Culver City, CA 90232"
Positive Behavior Supports Corporation (PBS),Board Certified Behavior Analyst (BCBA / LMFT / LPCC / LCSW),"Fremont, CA"
American Indian Health & Services,Healthcare Data Analyst,"Santa Barbara, CA 93111"
All Stem Connection,Payroll Tax Analyst,"Universal City, CA"
US Department of the Navy,PROGRAM ANALYST,"Coronado, CA"
"Universal Consulting Services, Inc.",NSWC-Security Analyst,"Port Hueneme, CA 93043"
US Department of the Navy,MANAGEMENT AND PROGRAM ANALYST,"San Diego, CA"
US Department of the Navy,SUPERVISORY PROGRAM ANALYST/RESOURCES SPECIALIST,"Point Mugu, CA"
US Department of the Navy,SUPERVISORY PROGRAM ANALYST,"China Lake, CA"
US Department of the Army,Program Analyst,"Los Angeles, CA"
US Department of the Army,Management and Program Analyst,"Fort Hunter Liggett, CA"
Merakey,Behavior Analyst (BCBA) (BCaBA),"San Marcos, CA 92078"
East Bay Municipal Utility District,Information Systems Support Analyst II,California
AppleOne,"Data Analyst - Camarillo, Ca.","Camarillo, CA 93010"
Giving Assistant,Data Analyst,"San Francisco, CA 94103 (Mission area)"
Artemis Consulting,Junior Financial Analyst,"San Diego, CA 92103 (Mission Hills area)"
"University Enterprises, Inc.","Student Assistant - Data Analysis, Supportive Services and Outreach","Sacramento, CA 95826"
Cathay Bank,Analyst AML/OFAC,"Monterey Park, CA"
Athens Services,Business Analyst,"Industry, CA"
All Stem Connection,Payroll Tax Analyst,"Universal City, CA"
Broadleaf-inc,Business Analyst (DFI),"Fairfield, CA 94533"
Ascent Services Group,Incident Management Analyst / IT Operations Analyst,"El Dorado Hills, CA 95762"
US Department of the Navy,PROGRAM ANALYST,"Coronado, CA"
"Universal Consulting Services, Inc.",NSWC-Security Analyst,"Port Hueneme, CA 93043"
US Department of the Navy,MANAGEMENT AND PROGRAM ANALYST,"San Diego, CA"
US Department of the Navy,SUPERVISORY PROGRAM ANALYST/RESOURCES SPECIALIST,"Point Mugu, CA"
US Department of the Navy,SUPERVISORY PROGRAM ANALYST,"China Lake, CA"
US Department of the Army,Program Analyst,"Los Angeles, CA"
US Department of the Army,Management and Program Analyst,"Fort Hunter Liggett, CA"
Merakey,Behavior Analyst (BCBA) (BCaBA),"San Marcos, CA 92078"
East Bay Municipal Utility District,Information Systems Support Analyst II,California
"University Enterprises, Inc.","Student Assistant - Data Analysis, Supportive Services and Outreach","Sacramento, CA 95826"
Athens Services,Business Analyst,"Industry, CA"
Cathay Bank,Analyst AML/OFAC,"Monterey Park, CA"
Broadleaf-inc,Business Analyst (DFI),"Fairfield, CA 94533"
All Stem Connection,Payroll Tax Analyst,"Universal City, CA"
US Department of the Navy,PROGRAM ANALYST,"Coronado, CA"
Ascent Services Group,Incident Management Analyst / IT Operations Analyst,"El Dorado Hills, CA 95762"
"Universal Consulting Services, Inc.",NSWC-Security Analyst,"Port Hueneme, CA 93043"
US Department of the Navy,MANAGEMENT AND PROGRAM ANALYST,"San Diego, CA"
US Department of the Navy,SUPERVISORY PROGRAM ANALYST/RESOURCES SPECIALIST,"Point Mugu, CA"
US Department of the Navy,SUPERVISORY PROGRAM ANALYST,"China Lake, CA"
US Department of the Army,Program Analyst,"Los Angeles, CA"
US Department of the Army,Management and Program Analyst,"Fort Hunter Liggett, CA"
Merakey,Behavior Analyst (BCBA) (BCaBA),"San Marcos, CA 92078"
East Bay Municipal Utility District,Information Systems Support Analyst II,California
